orgid,name,sector
1,?,
2,? Rober Half,
3,? Robert Walters,
4,? Via Formula Recruitment,
5,? Via Gerrard White,
6,? Via Mondrian Alpha,
7,? Via Radlett James,
9,Accenture,
10,Acertitude,
11,Acrisure,
12,Adalent,
13,Alix Partners,
14,AlphaSights,
15,Amazon,
16,Anaplan,
17,Anson Mccabe,
18,Argenta Group,
19,Argon International,
8,AXA,
22,Bacardi,
23,Bank ABC,
24,Bank of America,
25,Barclays,
20,BCG,
26,Boyden,
21,BUPA,
28,CapGemini,
29,Capital.com,
30,CapitalOne,
31,Carisbrooke Partners,
32,Chaucer,
33,Citi,
34,Close Brothers,
35,Connectd,
36,Cornerstone Global Partners,
27,CSC Capital Market,
37,DB,
38,DBS,
39,Dealany and Bourton,
40,Deloitte,
41,Delta Capita,
42,Denison Nunn,
43,Dentons,
44,Deutsche Bank,
45,Digital Futures,
46,Drax Executive,
48,Emagine Consultancy,
49,Equinex,
164,erevena,
50,Eton Bridge Partners,
51,Euroclear,
52,Everfield,
53,Exceptional Talent Advisory Services,
47,EY,
54,FCMG,
55,FDM,
57,Finastra,
58,Firth Ross Martin,
59,Freestone Exec Recruitment,
56,FT,
60,GLG,
62,Google,
61,GSK,
65,Harris & Co,
66,Harvey Nash,
67,Heidrick & Struggles,
68,Hiscox,
63,HMG,
69,Hodge Bank,
70,Hodin,
64,HSBC,
71,Huxley,
72,ICBC,
73,IG,
74,IKas,
75,Inspire Fusion,
79,Janus,
80,Janus Henderson,
81,Jefferies,
82,Jeffries,
76,JEX Recuitment,
167,JobTrack Temp Org,
77,JP Morgan,
78,JUXT,
83,Kindrl,
84,Korn Ferry,
85,L&G,
87,La Fosse,
88,Leathwaite,
89,Lego,
90,Leithwates,
91,Liberty Blume,
92,Lloyds,
86,LSEG,
93,M&G,
94,Marlin Hawke,
95,Marsh McLennan,
96,Mason Consulting,
97,MasterCard,
98,McCabe and Barton,
100,Mckinsey,
99,McSherry Brown,
101,MontaRosa,
102,Morgan Phillips,
103,Morgan Stanley,
104,NatWest,
105,NextWave,
106,Nomura,
107,Novo,
108,Odgers Bernstein,
109,Oracle,
111,Paige Exec Recruitment,
112,Park Road,
113,Payments spin out,
114,Peratara,
115,Pltfrm search,
116,Portfolio role,
117,Primis Talent,
118,Propulsion Talent,
110,PWC,
119,Quantexa,
120,Qurated,
121,RESCapital,
122,Rice Search Partners,
123,River Partnership,
124,Russel Reynolds,
125,Sand Hill East,
126,Savannah Group,
127,Scale Search,
128,Schroders,
129,Sheffield Howarth,
130,Singulier,
131,SocGen,
132,Spencer Stuart,
133,Standard Chatered,
134,Stanford Black,
135,Stanley Royce Joes,
136,Stanton House,
137,Starling bank,
138,State Street,
139,Stripe,
140,Swiss Re,
141,Syncro,
146,Talensa partners,
142,TBC,
143,TEKSystems,
144,TENTEN Partners,
166,Test Org,
147,Thoughtlinks,
148,Threadneedle,
149,Tom Preston Associates,
145,TORI Global,
150,Triton Exec,
151,True Search,
152,TweleveTalent,
153,UBS,
165,unkown,
154,Vallum Associates,
155,Ventiro,
156,Vertus Partners,
157,VirtueTech,
158,Visa,
159,Wells Fargo,
160,Wenham Carter Group,
161,Wilbur Bingham,
162,ZRG,
163,Zurich,
